SNR(dB), Error Rate
0.000000, 0.040200
0.500000, 0.025200
1.000000, 0.016100
1.500000, 0.010500
2.000000, 0.005300
2.500000, 0.003500
3.000000, 0.001300
3.500000, 0.000500
4.000000, 0.000300
